City_ID,City,Country,Date,Lat,Lng,Max Temp,Humidity,Cloudiness,Wind Speed
0,Hobart,AU,2022-01-31 20:06:41,-42.8794,147.3294,69.12,88,20,4.61
1,Mezen,RU,2022-01-31 20:06:43,65.8522,44.24,10.31,97,100,4.07
2,Necochea,AR,2022-01-31 20:04:38,-38.5473,-58.7368,70.03,39,100,9.71
3,Torbay,CA,2022-01-31 20:05:29,47.6666,-52.7314,35.58,71,69,4.0
4,Nome,US,2022-01-31 20:06:45,64.5011,-165.4064,12.27,48,0,11.5
5,Korla,CN,2022-01-31 20:06:45,41.7597,86.1469,23.65,54,80,2.98
6,Jardim,BR,2022-01-31 20:06:46,-21.4803,-56.1381,95.14,27,13,4.83
7,East London,ZA,2022-01-31 20:06:47,-33.0153,27.9116,77.41,81,100,3.38
8,Ushuaia,AR,2022-01-31 20:05:40,-54.8,-68.3,53.22,66,40,23.02
9,Nova Olinda Do Norte,BR,2022-01-31 20:06:49,-3.8881,-59.0942,84.11,72,94,5.17
10,Upernavik,GL,2022-01-31 20:06:50,72.7868,-56.1549,-20.18,99,81,2.89
11,Albany,US,2022-01-31 20:06:16,42.6001,-73.9662,30.15,40,11,1.99
12,Rikitea,PF,2022-01-31 20:06:53,-23.1203,-134.9692,77.38,65,100,4.59
13,Georgetown,MY,2022-01-31 20:03:44,5.4112,100.3354,81.9,78,20,1.99
14,Hermanus,ZA,2022-01-31 20:06:55,-34.4187,19.2345,78.91,79,23,12.91
15,New Norfolk,AU,2022-01-31 20:06:58,-42.7826,147.0587,68.76,75,17,1.88
16,Asyut,EG,2022-01-31 20:07:00,27.181,31.1837,51.87,73,5,7.78
17,Faanui,PF,2022-01-31 20:02:02,-16.4833,-151.75,80.82,72,0,18.21
18,Srednekolymsk,RU,2022-01-31 20:03:39,67.45,153.6833,-16.26,93,100,4.34
19,Mandera,KE,2022-01-31 20:07:02,3.9366,41.867,84.16,26,100,7.74
20,Hualmay,PE,2022-01-31 20:07:03,-11.0964,-77.6139,75.18,72,100,10.98
21,Mataura,NZ,2022-01-31 20:07:04,-46.1927,168.8643,62.47,78,28,1.7
22,Marienburg,PL,2022-01-31 20:07:04,54.0359,19.0266,31.12,75,40,9.33
23,Qaanaaq,GL,2022-01-31 20:07:05,77.484,-69.3632,-20.22,43,0,7.74
24,Norman Wells,CA,2022-01-31 20:07:05,65.282,-126.8329,3.61,93,100,12.73
25,Provideniya,RU,2022-01-31 20:07:07,64.3833,-173.3,3.65,78,92,20.31
26,Mahebourg,MU,2022-01-31 20:02:52,-20.4081,57.7,80.26,80,42,23.82
27,Cockburn Town,TC,2022-01-31 20:07:09,21.4612,-71.1419,72.75,77,99,24.61
28,Sao Filipe,CV,2022-01-31 20:07:10,14.8961,-24.4956,73.8,74,100,3.49
29,Ulladulla,AU,2022-01-31 20:07:11,-35.35,150.4667,69.1,91,1,3.51
30,Punta Arenas,CL,2022-01-31 20:07:12,-53.15,-70.9167,50.11,71,75,39.12
31,Dinghai,CN,2022-01-31 20:07:13,26.2847,119.7936,48.22,81,100,15.64
32,Kirkwall,GB,2022-01-31 20:07:13,58.9848,-2.9587,41.05,87,75,13.8
33,Hami,CN,2022-01-31 20:07:14,42.8,93.45,21.85,37,0,3.62
34,Tiksi,RU,2022-01-31 20:07:14,71.6872,128.8694,-11.22,99,100,6.71
35,Busselton,AU,2022-01-31 20:04:07,-33.65,115.3333,59.04,61,40,14.67
36,Maceio,BR,2022-01-31 20:07:16,-9.6658,-35.7353,87.24,62,20,11.5
37,Zarubino,RU,2022-01-31 20:07:16,42.63,131.0922,15.89,69,95,2.42
38,Haines Junction,CA,2022-01-31 20:07:17,60.7522,-137.5108,-14.84,99,96,1.01
39,San Policarpo,PH,2022-01-31 20:07:17,12.1791,125.5072,78.55,83,75,8.79
40,Rurrenabaque,BO,2022-01-31 20:07:17,-14.4413,-67.5278,81.72,86,100,0.96
41,Oktyabrskiy,RU,2022-01-31 20:07:18,54.4815,53.471,27.48,94,100,15.88
42,Port Alfred,ZA,2022-01-31 20:07:19,-33.5906,26.891,75.78,93,100,10.36
43,Yellowknife,CA,2022-01-31 20:07:19,62.456,-114.3525,-8.59,89,33,10.63
44,Xam Nua,LA,2022-01-31 20:07:20,20.4197,104.0439,50.2,98,100,2.44
45,Nhulunbuy,AU,2022-01-31 20:04:12,-12.2333,136.7667,81.21,89,40,8.05
46,Barela,IN,2022-01-31 20:07:20,23.1,80.05,59.18,34,2,1.79
47,Sakakah,SA,2022-01-31 20:08:24,29.9697,40.2064,49.5,47,1,15.93
48,Aktash,RU,2022-01-31 20:08:30,50.3,87.7333,-8.23,79,100,3.11
49,Richards Bay,ZA,2022-01-31 20:08:31,-28.783,32.0377,76.53,80,4,10.65
50,Nikolskoye,RU,2022-01-31 20:08:31,59.7035,30.7861,26.4,97,100,5.1
51,Arraial Do Cabo,BR,2022-01-31 20:03:51,-22.9661,-42.0278,78.66,83,75,8.05
52,Cherskiy,RU,2022-01-31 20:08:32,68.75,161.3,-20.31,98,100,2.86
53,Vaini,TO,2022-01-31 20:08:34,-21.2,-175.2,79.84,75,100,14.56
54,Dikson,RU,2022-01-31 20:08:34,73.5069,80.5464,-5.13,92,100,18.03
55,Komsomolskiy,UZ,2022-01-31 20:08:35,40.4272,71.7189,29.62,46,100,3.6
56,Barrow,US,2022-01-31 20:08:35,71.2906,-156.7887,-12.98,77,0,9.22
57,Praia Da Vitoria,PT,2022-01-31 20:08:36,38.7333,-27.0667,59.76,83,29,20.13
58,Ruzhyn,UA,2022-01-31 20:08:37,49.7228,29.2046,23.83,91,74,12.62
59,Bredasdorp,ZA,2022-01-31 20:08:38,-34.5322,20.0403,74.28,85,98,10.74
60,Cape Town,ZA,2022-01-31 20:06:19,-33.9258,18.4232,79.12,76,8,1.01
61,Lebu,CL,2022-01-31 20:08:39,-37.6167,-73.65,61.74,64,0,19.93
62,Port Elizabeth,ZA,2022-01-31 20:08:41,-33.918,25.5701,77.09,93,100,6.38
63,Khatanga,RU,2022-01-31 20:08:45,71.9667,102.5,-27.26,100,80,2.62
64,Kahului,US,2022-01-31 20:08:46,20.8947,-156.47,79.86,62,0,0.0
65,Midland,US,2022-01-31 20:05:26,31.9974,-102.0779,66.06,35,0,5.75
66,Hithadhoo,MV,2022-01-31 20:08:48,-0.6,73.0833,82.54,72,35,8.95
67,Lazaro Cardenas,MX,2022-01-31 20:08:49,17.9583,-102.2,81.73,56,0,9.75
68,Puerto Ayora,EC,2022-01-31 20:08:50,-0.7393,-90.3518,78.76,91,59,4.0
69,Cooma,AU,2022-01-31 20:08:23,-36.2333,149.1333,58.77,100,100,4.61
70,College,US,2022-01-31 20:08:51,64.8569,-147.8028,-19.41,73,0,0.0
71,Hay River,CA,2022-01-31 20:08:52,60.8156,-115.7999,-5.39,92,99,10.4
72,Fenyi,CN,2022-01-31 20:08:52,27.8112,114.6681,40.84,93,100,2.04
73,Lesogorskiy,RU,2022-01-31 20:08:54,61.0455,28.9294,25.86,90,100,7.7
74,Muros,ES,2022-01-31 20:08:54,42.7762,-9.0603,50.99,73,13,16.31
75,Ilulissat,GL,2022-01-31 20:08:55,69.2167,-51.1,8.62,61,100,20.71
76,Mayumba,GA,2022-01-31 20:08:56,-3.432,10.6554,77.86,87,86,4.7
77,Pevek,RU,2022-01-31 20:08:56,69.7008,170.3133,-18.56,98,100,1.54
78,Asau,RO,2022-01-31 20:08:56,46.4333,26.4,33.76,86,100,5.66
79,Ponta Do Sol,PT,2022-01-31 20:08:57,32.6667,-17.1,66.0,53,36,13.02
80,Kawalu,ID,2022-01-31 20:08:57,-7.3817,108.2082,72.97,94,100,2.86
81,Bolobo,CD,2022-01-31 20:08:58,-2.1667,16.2333,79.2,51,6,1.21
82,Thompson,CA,2022-01-31 20:08:59,55.7435,-97.8558,6.73,90,100,5.73
83,Taoudenni,ML,2022-01-31 20:09:00,22.6783,-3.9836,72.59,8,75,11.77
84,Chokurdakh,RU,2022-01-31 20:09:02,70.6333,147.9167,-21.51,98,100,1.45
85,Victoria,HK,2022-01-31 20:06:05,22.2855,114.1577,57.94,89,100,1.99
86,Berezovka,BY,2022-01-31 20:09:03,53.7214,25.4993,24.71,95,99,9.62
87,Bontang,ID,2022-01-31 20:08:02,0.1333,117.5,78.01,85,100,7.72
88,Airai,TL,2022-01-31 20:09:05,-8.9266,125.4092,59.92,88,91,4.41
89,Alyangula,AU,2022-01-31 20:09:05,-13.8483,136.4192,82.35,68,100,18.88
90,Avarua,CK,2022-01-31 20:07:36,-21.2078,-159.775,80.65,78,100,10.36
91,Jamestown,US,2022-01-31 20:09:06,42.097,-79.2353,35.24,37,0,4.61
92,San Andres,CO,2022-01-31 20:10:07,12.5847,-81.7006,80.62,78,75,10.36
93,Longyearbyen,SJ,2022-01-31 20:10:07,78.2186,15.6401,10.24,72,75,12.66
94,Bluff,NZ,2022-01-31 20:06:23,-46.6,168.3333,62.8,88,22,3.0
95,Geraldton,AU,2022-01-31 20:10:09,-28.7667,114.6,68.41,64,19,14.97
96,Kavaratti,IN,2022-01-31 20:10:12,10.5669,72.642,80.69,71,3,10.07
97,Sao Joao Da Barra,BR,2022-01-31 20:05:37,-21.6403,-41.0511,84.29,87,98,7.56
98,Atuona,PF,2022-01-31 20:10:12,-9.8,-139.0333,78.17,79,7,18.72
99,Zistersdorf,AT,2022-01-31 20:10:13,48.5333,16.75,40.62,79,96,5.01
100,Te Anau,NZ,2022-01-31 20:10:14,-45.4167,167.7167,59.38,85,73,0.94
101,Kalengwa,ZM,2022-01-31 20:09:58,-13.4659,25.0027,64.15,94,100,3.83
102,Sitka,US,2022-01-31 20:10:16,57.0531,-135.33,33.69,86,75,0.0
103,Saint-Augustin,CA,2022-01-31 20:10:17,51.226,-58.6502,13.53,90,100,7.2
104,Kapaa,US,2022-01-31 20:09:50,22.0752,-159.319,76.12,71,0,1.01
105,Raga,SS,2022-01-31 20:10:19,8.4596,25.678,71.8,19,75,4.5
106,Brae,GB,2022-01-31 20:10:19,60.3964,-1.353,37.31,82,100,14.32
107,Grand-Lahou,CI,2022-01-31 20:10:20,5.1367,-5.0242,80.28,83,98,7.09
108,Vao,NC,2022-01-31 20:10:21,-22.6667,167.4833,77.13,86,100,9.15
109,Anadyr,RU,2022-01-31 20:10:22,64.75,177.4833,-8.0,95,100,2.39
110,Ambon,ID,2022-01-31 20:10:22,-3.6954,128.1814,80.74,78,40,9.22
111,Biak,ID,2022-01-31 20:10:23,-0.9131,122.8766,75.94,82,65,4.94
112,Carlet,ES,2022-01-31 20:10:23,39.2333,-0.5167,61.25,59,1,1.99
113,Danielskuil,ZA,2022-01-31 20:10:24,-28.1887,23.5395,62.19,92,100,4.88
114,Smulti,RO,2022-01-31 20:10:25,45.9333,27.75,34.07,58,100,2.53
115,Palma,ES,2022-01-31 20:10:26,39.5694,2.6502,49.8,63,20,1.01
116,Popova,RU,2022-01-31 20:10:28,42.9603,131.7228,-7.51,87,41,8.55
117,Piacabucu,BR,2022-01-31 20:10:29,-10.4056,-36.4344,82.56,70,10,9.55
118,Erzin,TR,2022-01-31 20:10:31,36.9559,36.2,43.52,86,100,2.95
119,Bose,IT,2022-01-31 20:10:32,45.4612,8.0137,48.25,48,2,4.74
120,Mar Del Plata,AR,2022-01-31 20:10:33,-38.0023,-57.5575,68.02,60,0,13.0
121,San Quintin,MX,2022-01-31 20:06:23,30.4833,-115.95,64.98,50,90,9.89
122,Khandyga,RU,2022-01-31 20:10:35,62.6667,135.6,-33.11,100,86,1.95
123,Carnarvon,AU,2022-01-31 20:10:36,-24.8667,113.6333,77.07,78,0,18.41
124,Polson,US,2022-01-31 20:10:36,47.6936,-114.1632,35.38,68,100,10.0
125,Lorengau,PG,2022-01-31 20:09:44,-2.0226,147.2712,77.81,91,100,13.27
126,Puerto Escondido,MX,2022-01-31 20:10:38,15.85,-97.0667,83.23,69,20,11.5
127,Cheboksary,RU,2022-01-31 20:10:38,56.1322,47.2519,27.19,93,100,11.18
128,Oktyabrskoye,RU,2022-01-31 20:10:17,43.0645,44.7417,28.54,100,96,11.18
129,Goure,NE,2022-01-31 20:10:39,13.9835,10.2704,67.01,17,5,9.75
130,Central Point,US,2022-01-31 20:10:41,42.376,-122.9164,46.99,66,75,1.99
131,Kuppam,IN,2022-01-31 20:10:41,12.75,78.3667,65.97,94,27,3.22
132,Manuk Mangkaw,PH,2022-01-31 20:10:42,4.8,119.85,81.03,79,91,9.91
133,Tuktoyaktuk,CA,2022-01-31 20:10:28,69.4541,-133.0374,-4.0,97,100,9.51
134,Nanortalik,GL,2022-01-31 20:09:42,60.1432,-45.2371,25.48,97,100,2.37
135,Port Hardy,CA,2022-01-31 20:10:44,50.6996,-127.4199,42.76,78,17,8.72
136,Talnakh,RU,2022-01-31 20:10:45,69.4865,88.3972,6.21,95,100,8.86
137,Kwinana,AU,2022-01-31 20:10:47,-32.25,115.7667,64.24,60,37,17.92
138,Salalah,OM,2022-01-31 20:11:17,17.0151,54.0924,71.69,68,0,5.75
139,Sarkand,KZ,2022-01-31 20:11:51,45.41,79.9186,20.53,71,95,5.73
140,Dana Point,US,2022-01-31 20:11:45,33.467,-117.6981,67.35,58,99,3.0
141,Voronezh,RU,2022-01-31 20:07:39,51.6664,39.17,32.02,86,100,13.42
142,Katangli,RU,2022-01-31 20:11:57,51.7102,143.2326,7.92,91,100,21.03
143,Mwense,ZM,2022-01-31 20:11:57,-10.3845,28.698,64.38,95,66,3.13
144,Bethel,US,2022-01-31 20:10:02,41.3712,-73.414,31.91,43,100,1.88
145,Inta,RU,2022-01-31 20:11:58,66.0317,60.1659,1.76,96,100,6.26
146,Luau,AO,2022-01-31 20:12:00,-10.7073,22.2247,64.31,98,100,4.14
147,Mizdah,LY,2022-01-31 20:12:01,31.4451,12.9801,49.01,40,82,13.65
148,Kazachinskoye,RU,2022-01-31 20:12:03,57.6953,93.2761,-10.71,100,89,1.63
149,Castro,BR,2022-01-31 20:11:30,-24.7911,-50.0119,76.39,62,19,2.59
150,Sao Jose Da Coroa Grande,BR,2022-01-31 20:12:04,-8.8978,-35.1478,82.27,70,8,9.37
151,Rancho Palos Verdes,US,2022-01-31 20:12:05,33.7445,-118.387,65.52,81,75,3.0
152,Bimbo,CF,2022-01-31 20:12:07,4.2567,18.4158,75.58,23,4,1.68
153,Nueva Loja,EC,2022-01-31 20:12:07,0.0847,-76.8828,85.48,65,75,3.44
154,Hohhot,CN,2022-01-31 20:12:09,40.8106,111.6522,6.28,67,4,4.9
155,Ancud,CL,2022-01-31 20:12:09,-41.8697,-73.8203,64.42,63,3,11.16
156,Berlevag,NO,2022-01-31 20:10:13,70.8578,29.0864,15.6,67,0,9.22
157,Fort-Shevchenko,KZ,2022-01-31 20:12:11,44.5086,50.263,39.7,88,100,4.83
158,Saint-Philippe,RE,2022-01-31 20:09:45,-21.3585,55.7679,78.39,79,94,15.17
159,Ugoofaaru,MV,2022-01-31 20:12:12,5.6667,73.0,82.45,75,6,14.34
160,Kieta,PG,2022-01-31 20:12:12,-6.2167,155.6333,79.5,86,100,3.74
161,Fuerte Olimpo,PY,2022-01-31 20:12:13,-21.0415,-57.8738,93.69,35,85,6.82
162,Roseburg,US,2022-01-31 20:12:14,43.2165,-123.3417,47.17,70,100,4.61
163,Yar-Sale,RU,2022-01-31 20:12:15,66.8333,70.8333,-16.24,100,96,5.19
164,Narsaq,GL,2022-01-31 20:10:28,60.9167,-46.05,22.42,94,100,11.01
165,Kodiak,US,2022-01-31 20:08:05,57.79,-152.4072,22.51,80,100,5.75
166,Sangar,RU,2022-01-31 20:12:17,63.9242,127.4739,-36.58,100,100,0.94
167,Malabugas,PH,2022-01-31 20:12:18,9.3681,122.7678,77.49,86,100,6.35
168,Alice Springs,AU,2022-01-31 20:08:02,-23.7,133.8833,76.55,83,100,16.11
169,Tucuma,BR,2022-01-31 20:12:20,-0.1833,-50.05,77.79,89,100,6.42
170,Hilo,US,2022-01-31 20:09:50,19.7297,-155.09,79.25,56,20,4.61
171,Port Hedland,AU,2022-01-31 20:12:22,-20.3167,118.5667,82.45,94,75,17.27
172,Kharan,PK,2022-01-31 20:12:22,28.5833,65.4167,58.5,39,0,8.81
173,Cidreira,BR,2022-01-31 20:08:44,-30.1811,-50.2056,77.67,71,42,7.56
174,Koudougou,BF,2022-01-31 20:12:24,12.25,-2.3667,79.7,12,1,10.33
175,Honningsvag,NO,2022-01-31 20:12:25,70.9821,25.9704,24.55,86,0,18.41
176,Jiuquan,CN,2022-01-31 20:12:25,39.7432,98.5174,17.67,28,100,3.42
177,Lompoc,US,2022-01-31 20:11:01,34.6391,-120.4579,68.18,62,0,3.44
178,Nicoya,CR,2022-01-31 20:12:26,10.1483,-85.452,85.55,49,33,14.85
179,Denpasar,ID,2022-01-31 20:07:34,-8.65,115.2167,82.06,83,75,4.61
180,Waipawa,NZ,2022-01-31 20:12:27,-41.4122,175.5153,65.93,80,99,5.68
181,Svencionys,LT,2022-01-31 20:12:28,55.15,26.1667,23.36,94,100,10.47
182,Iqaluit,CA,2022-01-31 20:12:29,63.7506,-68.5145,-27.31,74,76,4.0
183,Iralaya,HN,2022-01-31 20:12:30,15.0,-83.2333,82.49,62,81,10.78
184,Mut,TR,2022-01-31 20:12:31,36.6439,33.4389,40.1,96,100,1.9
185,Ilhabela,BR,2022-01-31 20:12:32,-23.7781,-45.3581,77.63,85,95,5.03
186,Ahmadnagar,IN,2022-01-31 20:12:32,19.0833,74.7333,65.77,24,0,8.28
187,Malakal,SS,2022-01-31 20:13:35,9.5334,31.6605,77.43,15,2,8.9
188,Arlit,NE,2022-01-31 20:13:36,18.7369,7.3853,60.3,16,0,11.1
189,Butaritari,KI,2022-01-31 20:13:37,3.0707,172.7902,81.1,78,95,15.84
190,Tautira,PF,2022-01-31 20:13:38,-17.7333,-149.15,80.62,78,38,19.08
191,Gat,IL,2022-01-31 20:12:05,31.61,34.7642,53.4,100,87,8.81
192,Lewiston,US,2022-01-31 20:08:57,44.1003,-70.2148,28.06,45,0,4.61
193,Hasaki,JP,2022-01-31 20:09:39,35.7333,140.8333,30.6,41,40,11.74
194,Shahrud,IR,2022-01-31 20:13:41,36.4182,54.9763,36.36,46,100,1.95
195,Kocser,HU,2022-01-31 20:13:41,47.0017,19.9207,37.94,65,0,4.61
196,Cabo San Lucas,MX,2022-01-31 20:11:07,22.8909,-109.9124,79.9,58,0,3.0
197,Batasan,PH,2022-01-31 20:13:45,12.7667,120.7833,79.07,72,82,6.82
198,Tomatlan,MX,2022-01-31 20:13:45,19.9333,-105.25,91.06,25,0,9.75
199,Kavieng,PG,2022-01-31 20:13:46,-2.5744,150.7967,79.77,80,100,6.76
200,Klaksvik,FO,2022-01-31 20:13:49,62.2266,-6.589,40.12,98,100,21.74
201,Skjervoy,NO,2022-01-31 20:13:49,70.0311,20.9714,30.38,57,100,9.66
202,Hot Springs,US,2022-01-31 20:13:09,34.5037,-93.0552,68.31,32,2,4.0
203,Naze,JP,2022-01-31 20:13:51,28.3667,129.4833,52.05,67,39,8.37
204,Santa Cruz,BO,2022-01-31 20:13:52,-17.8,-63.1667,94.46,49,40,10.36
205,Ngunguru,NZ,2022-01-31 20:13:53,-35.6167,174.5,70.16,86,100,18.23
206,Aguas Vermelhas,BR,2022-01-31 20:13:53,-15.7472,-41.46,74.26,92,100,2.59
207,Gambiran,ID,2022-01-31 20:13:56,-6.7988,111.4951,74.01,95,99,3.78
208,Laguna,US,2022-01-31 20:11:15,38.421,-121.4238,64.87,60,0,4.0
209,Mandali,IQ,2022-01-31 20:13:57,33.7499,45.5541,52.54,55,100,8.14
210,Bathsheba,BB,2022-01-31 20:11:28,13.2167,-59.5167,79.75,73,41,13.27
211,Bengkulu,ID,2022-01-31 20:09:48,-3.8004,102.2655,75.96,86,100,3.83
212,Bubaque,GW,2022-01-31 20:13:59,11.2833,-15.8333,79.05,78,85,17.16
213,Digras,IN,2022-01-31 20:13:59,20.1167,77.7167,67.48,27,0,3.87
214,Olimpia,BR,2022-01-31 20:13:21,-20.7372,-48.9147,75.11,79,99,7.2
215,Saint-Pierre,RE,2022-01-31 20:13:30,-21.3393,55.4781,78.48,78,75,10.36
216,Hvide Sande,DK,2022-01-31 20:14:04,56.0045,8.1294,37.99,78,100,27.58
217,Lagoa,PT,2022-01-31 20:14:06,39.05,-27.9833,58.71,77,17,24.23
218,Antsohihy,MG,2022-01-31 20:14:07,-14.8796,47.9875,76.77,86,78,2.08
219,Odweyne,SO,2022-01-31 20:11:38,9.4092,45.064,66.18,49,72,5.35
220,Saskylakh,RU,2022-01-31 20:09:51,71.9167,114.0833,-28.25,100,91,1.97
221,Plettenberg Bay,ZA,2022-01-31 20:14:10,-34.0527,23.3716,74.17,80,100,4.0
222,Palana,RU,2022-01-31 20:14:11,59.1167,159.9667,11.89,87,100,15.21
223,Valparaiso,CL,2022-01-31 20:09:47,-33.0393,-71.6273,69.44,69,0,8.05
224,Palasa,IN,2022-01-31 20:14:13,18.7667,84.4167,66.11,86,7,4.72
225,Saint George,US,2022-01-31 20:14:14,37.1041,-113.5841,64.87,22,0,1.01
226,Zabol,AF,2022-01-31 20:14:14,32.25,67.25,35.31,64,3,10.47
227,Marsala,IT,2022-01-31 20:14:15,37.7966,12.4352,55.99,81,45,29.73
228,Nishihara,JP,2022-01-31 20:14:19,26.1842,127.7558,58.28,70,40,3.44
229,Codo,BR,2022-01-31 20:14:34,-4.4553,-43.8856,86.07,65,72,0.07
230,Dingle,PH,2022-01-31 20:13:32,10.9995,122.6711,74.12,93,100,7.78
231,Port Lincoln,AU,2022-01-31 20:11:16,-34.7333,135.8667,63.48,75,17,17.85
232,San Patricio,US,2022-01-31 20:15:39,28.017,-97.5169,75.29,89,100,10.31
233,Mathbaria,BD,2022-01-31 20:15:39,22.2876,89.9593,60.33,72,60,0.6
234,Lugoba,TZ,2022-01-31 20:15:40,-6.45,38.3333,71.49,98,100,3.22
235,Jackson,US,2022-01-31 20:14:14,42.4165,-122.8345,46.74,66,75,4.61
236,Vaitape,PF,2022-01-31 20:12:28,-16.5167,-151.75,80.76,72,0,18.14
237,Fairbanks,US,2022-01-31 20:10:45,64.8378,-147.7164,-19.39,73,0,0.0
238,Raudeberg,NO,2022-01-31 20:15:43,61.9875,5.1352,30.2,91,100,1.99
239,Savinskiy,RU,2022-01-31 20:15:43,62.9342,40.1361,9.97,95,100,6.53
240,Maragogi,BR,2022-01-31 20:15:44,-9.0122,-35.2225,82.2,70,7,9.22
241,Baljevac,BA,2022-01-31 20:15:44,44.8206,15.7799,33.58,99,100,2.68
242,Kamaishi,JP,2022-01-31 20:15:45,39.2667,141.8833,24.03,60,2,3.91
243,Saint-Francois,FR,2022-01-31 20:15:48,46.4154,3.9054,38.41,84,0,6.91
244,Iberia,US,2022-01-31 20:15:48,29.9502,-91.7507,72.05,40,0,16.11
245,Meulaboh,ID,2022-01-31 20:11:03,4.1363,96.1285,77.79,83,55,1.36
246,Qaqortoq,GL,2022-01-31 20:15:49,60.7167,-46.0333,30.7,92,100,12.84
247,Senneterre,CA,2022-01-31 20:15:50,48.3835,-77.2328,8.82,73,68,3.6
248,Seymchan,RU,2022-01-31 20:15:52,62.8833,152.4333,-9.99,96,100,5.35
249,Bambous Virieux,MU,2022-01-31 20:11:00,-20.3428,57.7575,80.22,80,33,23.98
250,Havre-Saint-Pierre,CA,2022-01-31 20:15:54,50.2334,-63.5986,14.0,67,100,9.22
251,Esperance,AU,2022-01-31 20:15:55,-33.8667,121.9,61.74,56,90,15.52
252,Grindavik,IS,2022-01-31 20:15:56,63.8424,-22.4338,39.67,87,75,28.77
253,San Cristobal,VE,2022-01-31 20:15:57,7.7669,-72.225,78.98,39,92,2.71
254,Pinawa,CA,2022-01-31 20:15:57,50.1489,-95.8811,23.76,88,100,8.5
255,Kaitangata,NZ,2022-01-31 20:15:58,-46.2817,169.8464,61.54,81,13,1.86
256,Rawson,AR,2022-01-31 20:15:59,-43.3002,-65.1023,75.04,24,87,8.23
257,Whitehorse,CA,2022-01-31 20:11:34,60.7161,-135.0538,-3.91,73,59,4.0
258,Sur,OM,2022-01-31 20:16:00,22.5667,59.5289,72.52,62,0,4.47
259,Inhambane,MZ,2022-01-31 20:11:17,-23.865,35.3833,77.54,79,47,10.45
260,Souillac,MU,2022-01-31 20:16:01,-20.5167,57.5167,80.98,74,75,18.41
261,Puerto Lleras,CO,2022-01-31 20:16:01,3.0223,-73.4044,94.12,26,86,8.84
262,Nemuro,JP,2022-01-31 20:16:02,43.3236,145.575,22.89,66,27,24.54
263,Marsa Matruh,EG,2022-01-31 20:16:02,31.3525,27.2453,56.91,68,83,12.55
264,Fort Nelson,CA,2022-01-31 20:16:03,58.8053,-122.7002,-2.61,78,100,3.44
265,Kabin Buri,TH,2022-01-31 20:16:04,13.9511,101.7177,75.34,83,5,1.68
266,Camacha,PT,2022-01-31 20:16:04,33.0833,-16.3333,62.53,88,40,23.02
267,Ixtapa,MX,2022-01-31 20:16:06,20.7,-105.2,78.03,53,0,8.05
268,Umm Kaddadah,SD,2022-01-31 20:16:07,13.6017,26.6876,58.98,20,3,16.42
269,Avera,US,2022-01-31 20:11:16,33.194,-82.5271,62.44,34,92,9.66
270,Dhidhdhoo,MV,2022-01-31 20:16:09,6.8833,73.1,81.82,71,1,9.66
271,Mareeba,AU,2022-01-31 20:16:14,-17.0,145.4333,74.44,94,91,3.04
272,Mantua,IT,2022-01-31 20:16:15,45.1667,10.7833,45.7,88,16,3.0
273,Mangan,IN,2022-01-31 20:16:16,27.5167,88.5333,48.88,97,100,1.25
274,Kindu,CD,2022-01-31 20:16:16,-2.95,25.95,69.78,87,100,2.42
275,Totma,RU,2022-01-31 20:16:17,59.9747,42.7642,18.01,95,100,8.41
276,Oranjestad,AW,2022-01-31 20:11:39,12.524,-70.027,82.35,65,75,13.8
277,Bombay,IN,2022-01-31 20:11:41,19.0144,72.8479,71.58,53,0,0.0
278,Chuy,UY,2022-01-31 20:17:22,-33.6971,-53.4616,71.69,55,70,16.82
279,Bankura,IN,2022-01-31 20:17:22,23.25,87.0667,62.4,46,44,1.72
280,Kruisfontein,ZA,2022-01-31 20:17:23,-34.0033,24.7314,74.88,92,100,3.76
281,Severo-Kurilsk,RU,2022-01-31 20:17:24,50.6789,156.125,28.36,75,100,17.49
282,Rodrigues Alves,BR,2022-01-31 20:17:25,-7.738,-72.6509,84.4,69,100,3.11
283,Glenwood Springs,US,2022-01-31 20:17:29,39.5505,-107.3248,45.63,24,0,20.71
284,Rio Gallegos,AR,2022-01-31 20:17:30,-51.6226,-69.2181,57.25,44,75,33.38
285,Bow Island,CA,2022-01-31 20:17:32,49.8668,-111.3684,15.98,82,100,0.0
286,Keti Bandar,PK,2022-01-31 20:17:35,24.1447,67.4497,71.33,85,0,12.03
287,Kibre Mengist,ET,2022-01-31 20:17:40,5.8833,38.9833,58.42,32,100,2.42
288,Baghdad,IQ,2022-01-31 20:17:42,33.3406,44.4009,48.11,93,100,11.5
289,Vostok,RU,2022-01-31 20:17:42,46.4856,135.8833,-13.61,99,97,4.47
290,Nanning,CN,2022-01-31 20:17:43,22.8167,108.3167,45.05,85,100,5.84
291,Chapais,CA,2022-01-31 20:17:45,49.7834,-74.8492,-2.42,79,100,3.58
292,Nizhniy Tsasuchey,RU,2022-01-31 20:17:46,50.5167,115.1333,-14.62,96,5,5.73
293,Matara,LK,2022-01-31 20:17:47,5.9485,80.5353,73.06,91,0,9.1
294,Dharchula,IN,2022-01-31 20:17:48,29.85,80.5333,44.53,66,60,4.76
295,Nong Phai,TH,2022-01-31 20:17:50,15.9903,101.0618,75.79,50,6,1.1
296,Noumea,NC,2022-01-31 20:13:42,-22.2763,166.4572,76.98,84,100,2.33
297,Balkhash,KZ,2022-01-31 20:17:53,46.844,74.9804,13.08,84,100,9.82
298,Diffa,NE,2022-01-31 20:13:17,13.3154,12.6113,65.05,23,4,8.79
299,Port Blair,IN,2022-01-31 20:17:56,11.6667,92.75,73.8,75,81,7.54
300,Portland,US,2022-01-31 20:16:49,45.5234,-122.6762,47.77,81,75,1.01
301,Yulara,AU,2022-01-31 20:17:59,-25.2406,130.9889,71.44,100,75,14.97
302,Imbituba,BR,2022-01-31 20:16:25,-28.24,-48.6703,76.89,90,36,6.46
303,Sterling,US,2022-01-31 20:18:02,39.0062,-77.4286,39.34,55,100,1.99
304,Jaciara,BR,2022-01-31 20:18:03,-15.9653,-54.9683,72.18,92,100,7.45
305,Placido De Castro,BR,2022-01-31 20:18:04,-10.3353,-67.1856,83.28,74,84,2.86
306,Luderitz,NA,2022-01-31 20:18:05,-26.6481,15.1594,66.42,85,9,2.8
307,Smithers,CA,2022-01-31 20:18:06,54.7804,-127.1743,23.32,80,40,2.3
308,Tasiilaq,GL,2022-01-31 20:16:48,65.6145,-37.6368,10.56,96,100,4.23
309,Nador,MA,2022-01-31 20:18:10,35.174,-2.9287,66.45,34,0,9.22
310,Ternate,ID,2022-01-31 20:18:11,0.8,127.4,79.29,80,100,5.59
311,Riyadh,SA,2022-01-31 20:14:17,24.6877,46.7219,66.34,40,17,15.28
312,Areia Branca,BR,2022-01-31 20:18:14,-4.9561,-37.1369,88.0,70,63,18.75
313,Zarya,RU,2022-01-31 20:18:15,55.7553,38.0958,30.38,98,100,6.91
314,Clonakilty,IE,2022-01-31 20:18:17,51.6231,-8.8706,45.61,86,59,14.03
315,Opunake,NZ,2022-01-31 20:18:18,-39.4556,173.8583,67.62,72,100,2.86
316,Hofn,IS,2022-01-31 20:18:19,64.2539,-15.2082,30.04,86,100,6.91
317,Moncton,CA,2022-01-31 20:16:17,46.1159,-64.8019,19.99,59,20,18.41
318,Kinna,SE,2022-01-31 20:18:20,57.5073,12.6946,31.44,69,100,2.37
319,Sorland,NO,2022-01-31 20:18:21,67.667,12.6934,32.07,58,100,10.18
320,Waingapu,ID,2022-01-31 20:18:21,-9.6567,120.2641,78.19,84,85,13.69
321,Canning,IN,2022-01-31 20:18:22,22.3189,88.6714,64.42,78,62,4.52
322,Itarema,BR,2022-01-31 20:18:25,-2.9248,-39.9167,82.78,73,25,15.05
323,Tutoia,BR,2022-01-31 20:18:26,-2.7619,-42.2744,87.78,77,9,11.63
324,Gambo,CF,2022-01-31 20:18:29,4.6482,22.2633,75.25,26,56,1.97
325,Opole Lubelskie,PL,2022-01-31 20:19:31,51.1478,21.969,32.99,88,100,4.5
326,Aqtobe,KZ,2022-01-31 20:19:34,50.2797,57.2072,26.69,93,100,6.71
327,Dunmore Town,BS,2022-01-31 20:19:36,25.5,-76.65,66.61,56,8,13.0
328,Padang,ID,2022-01-31 20:18:18,-0.9492,100.3543,75.25,89,44,4.0
329,Bonavista,CA,2022-01-31 20:19:37,48.6499,-53.1147,34.12,71,97,16.42
330,Dudinka,RU,2022-01-31 20:19:39,69.4058,86.1778,6.62,96,99,7.67
331,Bairiki,KI,2022-01-31 20:19:39,1.3292,172.9752,82.33,74,99,15.97
332,Ostroleka,PL,2022-01-31 20:19:40,53.0862,21.5757,31.93,86,86,8.93
333,Maniitsoq,GL,2022-01-31 20:19:41,65.4167,-52.9,12.2,69,100,19.26
334,Nisia Floresta,BR,2022-01-31 20:19:44,-6.0911,-35.2086,85.01,67,24,11.68
335,Malya,TZ,2022-01-31 20:19:45,-2.9833,33.5167,62.49,93,100,3.15
336,Jacksonville,US,2022-01-31 20:16:48,30.3322,-81.6556,71.06,36,40,3.0
337,Soe,ID,2022-01-31 20:19:46,-9.8607,124.284,65.05,92,74,5.26
338,Aitape,PG,2022-01-31 20:19:48,-3.1374,142.3475,76.14,85,100,4.88
339,Camocim,BR,2022-01-31 20:19:49,-2.9022,-40.8411,82.8,76,31,15.7
340,Tonantins,BR,2022-01-31 20:19:50,-2.8731,-67.8022,85.86,66,100,2.19
341,Chabahar,IR,2022-01-31 20:19:55,25.2919,60.643,72.01,78,0,9.66
342,Gualaquiza,EC,2022-01-31 20:19:56,-3.4,-78.55,69.08,93,100,2.77
343,Linhares,BR,2022-01-31 20:19:56,-19.3911,-40.0722,83.8,69,100,7.63
344,Gerash,IR,2022-01-31 20:19:57,27.6652,54.1371,51.94,51,0,3.04
345,Miles City,US,2022-01-31 20:20:01,46.4083,-105.8406,47.37,46,40,23.02
346,Vanderhoof,CA,2022-01-31 20:20:02,54.0166,-124.0198,17.47,88,100,1.77
347,Okahandja,NA,2022-01-31 20:18:24,-21.9833,16.9167,69.84,85,100,13.76
348,Toora-Khem,RU,2022-01-31 20:20:05,52.4675,96.11,-23.22,100,93,0.89
349,Flinders,AU,2022-01-31 20:20:06,-34.5833,150.8552,71.8,92,20,5.99
350,Catarama,EC,2022-01-31 20:20:09,-1.5833,-79.4667,71.98,98,100,1.81
351,Vardo,NO,2022-01-31 20:20:10,70.3705,31.1107,15.78,86,0,19.57
352,Champerico,GT,2022-01-31 20:20:10,14.3,-91.9167,93.74,60,6,11.01
353,Dunedin,NZ,2022-01-31 20:20:11,-45.8742,170.5036,64.8,81,68,10.0
354,Steinbach,DE,2022-01-31 20:20:12,50.1667,8.5667,42.64,75,75,13.8
355,Coihaique,CL,2022-01-31 20:16:25,-45.5752,-72.0662,60.75,55,75,6.91
356,Codrington,AU,2022-01-31 20:17:08,-38.2667,141.9667,61.41,85,40,14.99
357,Larsnes,NO,2022-01-31 20:20:16,62.2028,5.5773,32.68,85,100,8.52
358,Changchun,CN,2022-01-31 20:20:17,43.88,125.3228,-4.04,95,33,4.65
359,Guerrero Negro,MX,2022-01-31 20:15:40,27.9769,-114.0611,67.98,43,3,9.19
360,Soritor,PE,2022-01-31 20:20:22,-6.1392,-77.1039,75.25,84,76,3.44
361,Chiriguana,CO,2022-01-31 20:19:09,9.3624,-73.6031,97.07,28,4,5.39
362,Nakhon Ratchasima,TH,2022-01-31 20:20:23,15.0,102.1667,80.06,89,10,6.11
363,Drumheller,CA,2022-01-31 20:20:25,51.4617,-112.7101,18.28,56,100,24.16
364,Carutapera,BR,2022-01-31 20:17:21,-1.195,-46.02,79.93,81,97,6.93
365,Tateyama,JP,2022-01-31 20:20:36,34.9833,139.8667,40.1,51,97,8.77
366,Nuuk,GL,2022-01-31 20:20:37,64.1835,-51.7216,18.21,73,75,9.22
367,Petropavlovsk-Kamchatskiy,RU,2022-01-31 20:20:38,53.0452,158.6483,27.19,59,75,22.37
368,Menongue,AO,2022-01-31 20:20:39,-14.6585,17.691,68.79,50,100,2.73
369,Freeport,US,2022-01-31 20:16:00,40.6576,-73.5832,32.58,45,0,1.99
370,Saldanha,ZA,2022-01-31 20:21:40,-33.0117,17.9442,80.65,69,8,4.68
371,Pizarro,CO,2022-01-31 20:21:51,4.9533,-77.366,80.46,75,82,7.0
372,Nouadhibou,MR,2022-01-31 20:21:52,20.931,-17.0347,67.98,77,100,9.22
373,Husavik,IS,2022-01-31 20:21:53,66.0449,-17.3389,19.31,94,100,5.73
374,Shiraz,IR,2022-01-31 20:21:53,29.6036,52.5388,51.24,50,75,9.22
375,Yuksekova,TR,2022-01-31 20:21:54,37.5736,44.2872,16.43,91,84,2.95
376,Minot,US,2022-01-31 20:21:52,48.2325,-101.2963,37.62,70,100,13.8
377,Coihueco,CL,2022-01-31 20:21:56,-36.6167,-71.8333,84.94,20,0,9.22
378,Goderich,CA,2022-01-31 20:21:56,43.7501,-81.7165,30.9,59,43,6.91
379,Abu Dhabi,AE,2022-01-31 20:18:37,24.4667,54.3667,67.96,86,0,0.0
380,Nioro,GM,2022-01-31 20:21:58,13.35,-15.75,91.02,11,98,5.59
381,Maxixe,MZ,2022-01-31 20:21:59,-23.8597,35.3472,76.91,80,43,9.44
382,La Rioja,ES,2022-01-31 20:21:59,42.25,-2.5,41.04,94,100,11.16
383,Ouadda,CF,2022-01-31 20:22:00,8.0777,22.4007,69.49,22,27,5.88
384,Henties Bay,NA,2022-01-31 20:22:00,-22.116,14.2845,68.86,81,100,2.44
385,Namanga,KE,2022-01-31 20:22:02,-2.5433,36.7905,71.01,66,100,4.41
386,San Rafael,AR,2022-01-31 20:22:03,-34.6177,-68.3301,84.47,17,1,8.79
387,Constitucion,CL,2022-01-31 20:22:04,-35.3333,-72.4167,68.9,55,0,15.08
388,Buala,SB,2022-01-31 20:22:04,-8.145,159.5921,80.55,80,92,4.21
389,Khash,IR,2022-01-31 20:22:05,28.2211,61.2158,50.85,46,0,3.91
390,Encheng,CN,2022-01-31 20:22:14,22.1839,112.3026,56.97,58,100,9.15
391,Katsuura,JP,2022-01-31 20:22:15,35.1333,140.3,40.19,47,72,8.79
392,Saint-Joseph,RE,2022-01-31 20:22:16,-21.3667,55.6167,79.18,79,96,15.93
393,Broome,US,2022-01-31 20:17:58,42.2506,-75.833,31.66,49,0,3.0
394,Kidal,ML,2022-01-31 20:22:23,18.4411,1.4078,69.13,10,2,11.79
395,Areka,ET,2022-01-31 20:22:25,7.0667,37.7,68.04,35,82,2.95
396,Uarini,BR,2022-01-31 20:22:25,-2.99,-65.1083,89.55,82,100,1.95
397,Tual,ID,2022-01-31 20:22:26,-5.6667,132.75,83.86,76,100,21.54
398,Namibe,AO,2022-01-31 20:22:27,-15.1961,12.1522,72.73,74,95,7.9
399,Sistranda,NO,2022-01-31 20:22:27,63.7256,8.834,28.9,79,100,26.15
400,Jefferson City,US,2022-01-31 20:20:22,38.5767,-92.1735,62.94,25,0,8.05
401,Pangnirtung,CA,2022-01-31 20:21:41,66.1451,-65.7125,-27.4,75,20,0.0
402,Mnogovershinnyy,RU,2022-01-31 20:22:31,53.9353,139.9242,-1.8,94,99,7.23
403,Oron,NG,2022-01-31 20:22:32,4.8256,8.2343,78.53,62,58,5.26
404,Manta,EC,2022-01-31 20:19:35,-0.95,-80.7333,78.58,89,75,4.61
405,Vanimo,PG,2022-01-31 20:22:36,-2.6741,141.3028,74.88,83,100,6.82
406,Panzhihua,CN,2022-01-31 20:22:36,26.5851,101.7128,49.21,84,91,0.49
407,Karratha,AU,2022-01-31 20:22:37,-20.7377,116.8463,82.4,80,98,14.81
408,Bata,GQ,2022-01-31 20:22:38,1.8639,9.7658,80.46,94,40,6.91
409,Mopti,ML,2022-01-31 20:22:39,14.6667,-4.0,80.1,13,13,10.92
410,Sinnamary,GF,2022-01-31 20:22:40,5.3833,-52.95,79.29,79,100,10.11
411,Bafra,TR,2022-01-31 20:22:40,41.5678,35.9069,40.78,79,8,4.56
412,Matagami,CA,2022-01-31 20:22:41,49.7502,-77.6328,1.51,60,0,9.22
413,Cabedelo,BR,2022-01-31 20:22:42,-6.9811,-34.8339,84.87,70,33,13.6
414,Sarakhs,IR,2022-01-31 20:22:43,36.5449,61.1577,37.54,60,0,2.3
415,Nyurba,RU,2022-01-31 20:22:44,63.2842,118.3319,-31.76,100,96,2.66
416,Itaueira,BR,2022-01-31 20:22:45,-7.6033,-43.0256,86.7,58,44,2.86
417,Ormara,PK,2022-01-31 20:22:45,25.2088,64.6357,72.68,69,0,9.69
418,Tuatapere,NZ,2022-01-31 20:22:51,-46.1333,167.6833,63.82,81,25,2.13
419,Franklin,US,2022-01-31 20:22:52,39.9667,-83.0166,36.37,51,0,1.01
420,Neiafu,TO,2022-01-31 20:23:59,-18.65,-173.9833,79.48,78,75,4.61
421,Pisco,PE,2022-01-31 20:19:21,-13.7,-76.2167,75.25,64,0,20.71
422,Clarksburg,US,2022-01-31 20:24:01,39.2807,-80.3445,42.91,45,100,0.0
423,Wilson,US,2022-01-31 20:24:02,36.1501,-86.2833,52.52,38,0,0.0
424,Coquimbo,CL,2022-01-31 20:21:51,-29.9533,-71.3436,69.53,68,20,13.8
425,Umm Lajj,SA,2022-01-31 20:24:04,25.0213,37.2685,63.41,50,3,13.8
426,Caravelas,BR,2022-01-31 20:24:05,-17.7125,-39.2481,83.08,73,2,11.5
427,Hvolsvollur,IS,2022-01-31 20:24:06,63.7533,-20.2243,36.81,90,100,17.13
428,Peace River,CA,2022-01-31 20:23:05,56.2501,-117.286,1.71,60,75,12.66
429,Nouakchott,MR,2022-01-31 20:21:19,18.0858,-15.9785,69.73,26,100,10.54
430,Vredendal,ZA,2022-01-31 20:24:09,-31.6683,18.5012,81.93,39,71,5.59
431,Bintulu,MY,2022-01-31 20:24:14,3.1667,113.0333,73.81,100,40,2.3
432,Maldonado,UY,2022-01-31 20:24:15,-34.6667,-54.9167,70.99,50,9,14.67
433,Bembereke,BJ,2022-01-31 20:24:16,10.2283,2.6634,74.52,10,97,5.64
434,Warri,NG,2022-01-31 20:24:19,5.5167,5.75,77.41,55,6,4.56
435,Ornes,NO,2022-01-31 20:24:20,66.8689,13.7078,24.85,62,100,7.87
436,Grand Gaube,MU,2022-01-31 20:24:21,-20.0064,57.6608,81.0,70,34,8.01
437,Olafsvik,IS,2022-01-31 20:24:23,64.8945,-23.7142,34.61,91,87,2.68
438,Muswellbrook,AU,2022-01-31 20:24:25,-32.2667,150.9,71.24,95,15,2.73
439,Beloha,MG,2022-01-31 20:24:26,-25.1667,45.05,74.05,75,27,19.95
440,Krasnyye Chetai,RU,2022-01-31 20:24:26,55.6887,46.1386,29.14,95,100,9.35
441,Westport,US,2022-01-31 20:24:27,41.1415,-73.3579,32.92,44,0,1.01
442,Canakkale,TR,2022-01-31 20:19:52,40.0833,26.8333,43.52,72,91,3.78
443,Tarakan,ID,2022-01-31 20:24:34,3.3,117.6333,76.5,94,20,0.0
444,Nampula,MZ,2022-01-31 20:24:36,-15.1165,39.2666,75.15,78,0,9.22
445,Amapa,BR,2022-01-31 20:24:38,1.0,-52.0,75.18,97,100,2.75
446,Wharton,US,2022-01-31 20:24:39,29.3116,-96.1027,61.84,95,100,14.97
447,Bantry,IE,2022-01-31 20:24:42,51.6833,-9.45,45.88,87,79,16.26
448,Vilhena,BR,2022-01-31 20:24:44,-12.7406,-60.1458,71.82,94,100,13.8
449,Barra Patuca,HN,2022-01-31 20:24:44,15.8,-84.2833,77.09,57,64,9.01
450,Beringovskiy,RU,2022-01-31 20:24:45,63.05,179.3167,-2.79,90,100,15.28
451,Topolobampo,MX,2022-01-31 20:24:46,25.6,-109.05,73.31,33,0,10.36
452,Humen,CN,2022-01-31 20:24:47,22.819,113.6731,57.9,85,100,8.34
453,San Lawrenz,MT,2022-01-31 20:24:48,36.0553,14.204,56.86,75,0,4.0
454,Sola,VU,2022-01-31 20:21:41,-13.8833,167.55,81.39,76,100,11.68
455,Dahanu,IN,2022-01-31 20:24:49,19.9667,72.7333,69.33,46,0,6.38
456,Boissevain,CA,2022-01-31 20:24:50,49.2306,-100.0559,31.64,84,100,10.2
457,Comodoro Rivadavia,AR,2022-01-31 20:24:51,-45.8667,-67.5,78.66,17,0,23.02
458,Abu Kamal,SY,2022-01-31 20:24:53,34.4506,40.9171,46.67,73,100,19.19
459,Zhangjiakou,CN,2022-01-31 20:24:56,40.81,114.8794,6.93,66,4,5.44
460,Namatanai,PG,2022-01-31 20:24:57,-3.6667,152.4333,78.8,82,100,2.77
461,Esil,KZ,2022-01-31 20:24:57,51.9556,66.4042,21.88,95,100,16.17
462,Dawei,MM,2022-01-31 20:24:58,14.0833,98.2,63.36,79,7,3.47
463,Boali,CF,2022-01-31 20:24:59,4.8005,18.1275,80.47,20,11,2.28
464,Hamilton,US,2022-01-31 20:23:22,39.1834,-84.5333,41.76,55,0,3.0
465,Ikorodu,NG,2022-01-31 20:26:00,6.6191,3.5041,82.36,59,5,9.31
466,Alofi,NU,2022-01-31 20:26:00,-19.0595,-169.9187,80.49,78,40,5.75
467,Huarmey,PE,2022-01-31 20:26:02,-10.0681,-78.1522,75.45,74,100,10.92
468,Tabuk,PH,2022-01-31 20:26:04,17.4189,121.4443,68.38,96,97,3.56
469,Atar,MR,2022-01-31 20:26:05,20.5169,-13.0499,81.73,12,100,7.81
470,Mount Darwin,ZW,2022-01-31 20:26:06,-16.7725,31.5838,65.43,95,1,3.04
471,Jega,NG,2022-01-31 20:26:07,12.2175,4.3792,71.71,12,4,10.36
472,Capaccio,IT,2022-01-31 20:26:19,40.4244,15.0809,46.58,89,100,3.51
473,Ribeira Grande,PT,2022-01-31 20:26:20,38.5167,-28.7,61.2,72,20,19.57
474,Kontagora,NG,2022-01-31 20:26:20,10.3999,5.4695,77.47,10,100,8.77
475,Hwange,ZW,2022-01-31 20:26:21,-18.3693,26.5019,68.4,97,5,3.74
476,Kaka,TM,2022-01-31 20:26:22,37.3482,59.6143,45.39,40,5,6.96
477,Aras,ES,2022-01-31 20:26:23,42.5617,-2.356,42.06,81,100,14.72
478,Cutro,IT,2022-01-31 20:26:25,39.0353,16.9819,52.86,84,100,11.23
479,Antoniny,UA,2022-01-31 20:26:26,49.8097,26.8771,23.54,93,100,9.01
480,Tonj,SS,2022-01-31 20:26:27,7.2737,28.6822,79.32,18,100,5.7
481,Bundaberg,AU,2022-01-31 20:26:28,-24.85,152.35,78.22,89,75,1.01
482,Alvaraes,BR,2022-01-31 20:26:29,-3.2208,-64.8042,89.47,68,71,0.67
483,Margate,GB,2022-01-31 20:26:29,51.3813,1.3862,41.04,68,34,17.69
484,Birin,NP,2022-01-31 20:26:30,26.8865,88.0718,42.93,67,57,2.86
485,Ucluelet,CA,2022-01-31 20:23:27,48.9329,-125.5528,44.1,86,7,4.0
486,Lasa,IT,2022-01-31 20:26:32,46.6166,10.7002,40.91,93,100,8.66
487,Fez,MA,2022-01-31 20:26:32,34.0372,-4.9998,55.65,43,0,8.05
488,Erdenet,MN,2022-01-31 20:26:33,49.0333,104.0833,-11.6,93,16,4.21
489,Kyren,RU,2022-01-31 20:26:33,51.6828,102.1408,-5.62,86,15,1.41
490,Rocha,UY,2022-01-31 20:26:34,-34.4833,-54.3333,69.44,51,13,14.25
491,Miyang,CN,2022-01-31 20:26:35,24.4042,103.4428,41.18,96,100,2.62
492,Marolambo,MG,2022-01-31 20:26:35,-20.05,48.1167,69.24,93,84,2.59
493,Vestmannaeyjar,IS,2022-01-31 20:26:36,63.4427,-20.2734,42.37,88,100,32.66
494,San Vicente,AR,2022-01-31 20:26:37,-26.6167,-54.1333,90.0,26,62,1.83
495,Pontes E Lacerda,BR,2022-01-31 20:26:38,-15.2261,-59.3353,72.1,99,100,5.46
496,Ruidoso,US,2022-01-31 20:26:39,33.3317,-105.673,53.74,13,0,14.97
497,Tambovka,RU,2022-01-31 20:26:41,50.0969,128.0489,-2.09,99,25,4.63
498,Mackay,AU,2022-01-31 20:26:42,-21.15,149.2,74.68,94,47,2.3
499,Wanaka,NZ,2022-01-31 20:26:44,-44.7,169.15,64.11,70,100,1.99
500,Singaraja,ID,2022-01-31 20:26:45,-8.112,115.0882,79.97,82,100,2.75
501,Mount Isa,AU,2022-01-31 20:26:46,-20.7333,139.5,76.77,100,75,5.75
502,Malumfashi,NG,2022-01-31 20:26:46,11.7853,7.6218,63.27,17,4,9.53
503,Katherine,AU,2022-01-31 20:26:47,-14.4667,132.2667,75.52,88,100,12.66
504,Deputatskiy,RU,2022-01-31 20:26:49,69.3,139.9,-25.17,100,61,3.74
505,Byron Bay,AU,2022-01-31 20:26:50,-28.65,153.6167,77.88,90,12,2.68
506,Birao,CF,2022-01-31 20:23:05,10.2849,22.7882,70.18,15,93,7.99
507,Cumana,VE,2022-01-31 20:26:52,10.4635,-64.1775,86.09,68,68,5.86
508,Mongo,TD,2022-01-31 20:26:53,12.1844,18.693,69.39,15,1,7.96
509,Luanda,AO,2022-01-31 20:26:54,-8.8368,13.2343,78.8,78,0,9.22
510,Tignere,CM,2022-01-31 20:26:55,7.3667,12.65,63.68,20,31,3.0
511,Agirish,RU,2022-01-31 20:26:56,61.9247,63.0231,-8.36,100,100,1.05
512,Bulgan,MN,2022-01-31 20:27:58,48.8125,103.5347,-9.33,88,12,4.21
513,Lubbock,US,2022-01-31 20:28:01,33.6001,-101.8338,66.38,25,0,7.0
514,Kamiiso,JP,2022-01-31 20:28:01,41.8167,140.65,15.82,82,7,4.43
515,Huaicheng,CN,2022-01-31 20:28:02,23.9051,112.1931,46.02,94,100,0.92
516,Weligama,LK,2022-01-31 20:28:04,5.9667,80.4167,73.17,91,0,6.82
517,Broken Hill,AU,2022-01-31 20:24:18,-31.95,141.4333,74.91,69,100,5.75
518,Clyde River,CA,2022-01-31 20:28:06,70.4692,-68.5914,-32.57,68,0,0.0
519,Diego De Almagro,CL,2022-01-31 20:28:07,-26.3667,-70.05,79.02,26,0,15.57
520,Port-Cartier,CA,2022-01-31 20:27:08,50.0334,-66.8654,12.74,74,83,7.76
521,Sibenik,HR,2022-01-31 20:28:10,43.7272,15.9058,47.86,82,100,9.01
522,Havre,FR,2022-01-31 20:28:11,49.5833,0.3333,44.37,76,75,20.71
523,Sidi Ali,DZ,2022-01-31 20:28:11,36.0998,0.4206,50.72,82,0,7.11
524,Cayenne,GF,2022-01-31 20:28:12,4.9333,-52.3333,84.24,81,75,5.01
525,Allende,MX,2022-01-31 20:28:13,25.2833,-100.0167,79.75,40,0,5.66
526,Gornyy,RU,2022-01-31 20:28:14,55.1153,83.9059,15.8,94,100,6.98
527,Nacozari,MX,2022-01-31 20:28:14,25.3366,-108.2574,78.06,27,69,9.42
528,Myitkyina,MM,2022-01-31 20:28:15,25.3833,97.4,54.12,84,20,2.64
529,Xinzhi,CN,2022-01-31 20:28:20,36.4989,111.7047,23.56,50,0,3.38
530,Mao,ES,2022-01-31 20:28:20,39.8885,4.2658,48.76,87,20,4.61
531,Hampton,US,2022-01-31 20:27:40,37.0299,-76.3452,48.51,67,20,1.99
532,Brigantine,US,2022-01-31 20:27:12,39.4101,-74.3646,37.02,61,0,12.66
533,Acapulco,MX,2022-01-31 20:25:01,16.8634,-99.8901,84.02,70,20,8.05
534,Leningradskiy,RU,2022-01-31 20:28:27,69.3833,178.4167,-18.72,95,30,8.28
535,Mount Gambier,AU,2022-01-31 20:27:10,-37.8333,140.7667,60.71,77,75,10.36
536,Faya,SA,2022-01-31 20:28:30,18.3851,42.4509,57.31,78,1,6.13
537,Port-Gentil,GA,2022-01-31 20:28:31,-0.7193,8.7815,80.22,82,24,10.69
538,Pacific Grove,US,2022-01-31 20:28:31,36.6177,-121.9166,62.76,68,100,3.0
539,Oksfjord,NO,2022-01-31 20:28:32,70.2396,22.3479,23.92,78,100,7.47
540,Paracuru,BR,2022-01-31 20:28:33,-3.41,-39.0306,84.22,71,40,13.49
541,Vila,PT,2022-01-31 20:28:33,42.0304,-8.1588,41.88,76,7,6.91
542,Tura,IN,2022-01-31 20:28:34,25.5198,90.2201,53.83,63,0,3.91
543,Bereda,ES,2022-01-31 20:28:37,43.2686,-7.5406,46.92,95,36,8.12
544,Bilma,NE,2022-01-31 20:28:39,18.6853,12.9164,58.57,18,0,4.56
545,Kudahuvadhoo,MV,2022-01-31 20:28:44,2.6708,72.8944,82.63,75,46,10.18
546,Northam,GB,2022-01-31 20:28:45,51.0333,-4.2167,48.61,88,62,17.11
547,Sao Cristovao,BR,2022-01-31 20:28:46,-11.0147,-37.2064,84.11,70,20,9.22
548,Alakurtti,RU,2022-01-31 20:28:47,66.9672,30.3491,0.36,99,54,3.47
549,Storsteinnes,NO,2022-01-31 20:28:48,69.2408,19.2344,26.6,81,99,5.19
550,Kashi,CN,2022-01-31 20:28:49,39.4547,75.9797,27.61,36,84,8.95
551,Drayton Valley,CA,2022-01-31 20:28:52,53.2168,-114.9854,3.9,79,100,15.73
552,Moose Factory,CA,2022-01-31 20:28:53,51.2585,-80.6094,1.4,55,0,9.22
553,Bac Giang,VN,2022-01-31 20:28:56,21.2667,106.2,53.67,75,100,7.58
554,Margaritas,MX,2022-01-31 20:28:58,20.4538,-102.4739,80.31,18,0,12.37
555,Rakiv Lis,UA,2022-01-31 20:28:59,51.6217,24.9243,26.98,88,91,9.46
556,Bethanien,NA,2022-01-31 20:30:02,-26.502,17.1583,74.79,66,58,9.98
557,Touros,BR,2022-01-31 20:28:03,-5.1989,-35.4608,85.1,69,27,14.54
558,La Palma,US,2022-01-31 20:30:04,33.8464,-118.0467,66.96,69,20,3.0
559,Los Llanos De Aridane,ES,2022-01-31 20:30:09,28.6585,-17.9182,59.13,77,4,1.99
